<ImportExportXml version="9.2.25122.165" SolutionPackageVersion="9.2" languagecode="1033" generatedBy="CrmLive" xmlns:xsi="http://www.w3.org/2001/XMLSchema-instance" OrganizationVersion="9.2.25122.165" OrganizationSchemaType="Standard" CRMServerServiceabilityVersion="9.2.25122.00165">
  <SolutionManifest>
    <UniqueName>Sample</UniqueName>
    <LocalizedNames>
      <LocalizedName description="Sample Contact Manager" languagecode="1033" />
    </LocalizedNames>
    <Descriptions />
    <Version>1.0.0.22</Version>
    <Managed>1</Managed>
    <Publisher>
      <UniqueName>LouMSFT</UniqueName>
      <LocalizedNames>
        <LocalizedName description="LouMSFT" languagecode="1033" />
      </LocalizedNames>
      <Descriptions />
      <EMailAddress xsi:nil="true"></EMailAddress>
      <SupportingWebsiteUrl xsi:nil="true"></SupportingWebsiteUrl>
      <CustomizationPrefix>ljr</CustomizationPrefix>
      <CustomizationOptionValuePrefix>85412</CustomizationOptionValuePrefix>
      <Addresses>
        <Address>
          <AddressNumber>1</AddressNumber>
          <AddressTypeCode>1</AddressTypeCode>
          <City xsi:nil="true"></City>
          <County xsi:nil="true"></County>
          <Country xsi:nil="true"></Country>
          <Fax xsi:nil="true"></Fax>
          <FreightTermsCode xsi:nil="true"></FreightTermsCode>
          <ImportSequenceNumber xsi:nil="true"></ImportSequenceNumber>
          <Latitude xsi:nil="true"></Latitude>
          <Line1 xsi:nil="true"></Line1>
          <Line2 xsi:nil="true"></Line2>
          <Line3 xsi:nil="true"></Line3>
          <Longitude xsi:nil="true"></Longitude>
          <Name xsi:nil="true"></Name>
          <PostalCode xsi:nil="true"></PostalCode>
          <PostOfficeBox xsi:nil="true"></PostOfficeBox>
          <PrimaryContactName xsi:nil="true"></PrimaryContactName>
          <ShippingMethodCode>1</ShippingMethodCode>
          <StateOrProvince xsi:nil="true"></StateOrProvince>
          <Telephone1 xsi:nil="true"></Telephone1>
          <Telephone2 xsi:nil="true"></Telephone2>
          <Telephone3 xsi:nil="true"></Telephone3>
          <TimeZoneRuleVersionNumber xsi:nil="true"></TimeZoneRuleVersionNumber>
          <UPSZone xsi:nil="true"></UPSZone>
          <UTCOffset xsi:nil="true"></UTCOffset>
          <UTCConversionTimeZoneCode xsi:nil="true"></UTCConversionTimeZoneCode>
        </Address>
        <Address>
          <AddressNumber>2</AddressNumber>
          <AddressTypeCode>1</AddressTypeCode>
          <City xsi:nil="true"></City>
          <County xsi:nil="true"></County>
          <Country xsi:nil="true"></Country>
          <Fax xsi:nil="true"></Fax>
          <FreightTermsCode xsi:nil="true"></FreightTermsCode>
          <ImportSequenceNumber xsi:nil="true"></ImportSequenceNumber>
          <Latitude xsi:nil="true"></Latitude>
          <Line1 xsi:nil="true"></Line1>
          <Line2 xsi:nil="true"></Line2>
          <Line3 xsi:nil="true"></Line3>
          <Longitude xsi:nil="true"></Longitude>
          <Name xsi:nil="true"></Name>
          <PostalCode xsi:nil="true"></PostalCode>
          <PostOfficeBox xsi:nil="true"></PostOfficeBox>
          <PrimaryContactName xsi:nil="true"></PrimaryContactName>
          <ShippingMethodCode>1</ShippingMethodCode>
          <StateOrProvince xsi:nil="true"></StateOrProvince>
          <Telephone1 xsi:nil="true"></Telephone1>
          <Telephone2 xsi:nil="true"></Telephone2>
          <Telephone3 xsi:nil="true"></Telephone3>
          <TimeZoneRuleVersionNumber xsi:nil="true"></TimeZoneRuleVersionNumber>
          <UPSZone xsi:nil="true"></UPSZone>
          <UTCOffset xsi:nil="true"></UTCOffset>
          <UTCConversionTimeZoneCode xsi:nil="true"></UTCConversionTimeZoneCode>
        </Address>
      </Addresses>
    </Publisher>
    <RootComponents>
      <RootComponent type="1" schemaName="ljr_noticealert" behavior="0" />
      <RootComponent type="1" schemaName="ljr_notices" behavior="0" />
      <RootComponent type="61" schemaName="ljr_Designer4" behavior="0" />
      <RootComponent type="62" schemaName="ljr_BasicApp" behavior="0" />
      <RootComponent type="80" schemaName="ljr_BasicApp" behavior="0" />
      <RootComponent type="183" id="{b0ecd402-db86-4b61-8b4f-d75a36e1cbf2}" schemaName="VCP_DS_1b8e49be-2317-40fa-94e1-830599f06f1c" behavior="0" />
      <RootComponent type="300" schemaName="ljr_addtask_b59f8" behavior="0" />
      <RootComponent type="300" schemaName="ljr_contactlist_2b935" behavior="0" />
    </RootComponents>
    <MissingDependencies>
      <MissingDependency>
        <Required type="181" schemaName="Virtual Connector Data Provider" displayName="Virtual Connector Data Provider" solution="msft_ConnectorProvider (9.1.0.445)" id="{b581d5dc-72e1-ea11-a81e-000d3af5fff1}">
          <package appName="Virtual Connectors Data Provider Package" version="9.1.0.445">msft_ConnectorProviderAnchor (9.1.0.445)</package>
        </Required>
        <Dependent type="1" schemaName="ljr_notices" displayName="Notices" />
      </MissingDependency>
      <MissingDependency>
        <Required type="181" schemaName="Virtual Connector Data Provider" displayName="Virtual Connector Data Provider" solution="msft_ConnectorProvider (9.1.0.445)" id="{b581d5dc-72e1-ea11-a81e-000d3af5fff1}">
          <package appName="Virtual Connectors Data Provider Package" version="9.1.0.445">msft_ConnectorProviderAnchor (9.1.0.445)</package>
        </Required>
        <Dependent type="183" schemaName="VCP_DS_1b8e49be-2317-40fa-94e1-830599f06f1c" displayName="VCP_DS_1b8e49be-2317-40fa-94e1-830599f06f1c" id="{b0ecd402-db86-4b61-8b4f-d75a36e1cbf2}" />
      </MissingDependency>
      <MissingDependency>
        <Required type="61" schemaName="msdyn_/Images/AppModule_Default_Icon.png" displayName="msdyn_/Images/AppModule_Default_Icon.png" solution="AppModuleWebResources (2.5)">
          <package appName="AppModule Web Resources Package" version="2.5">AppModuleWebResources (2.5)</package>
        </Required>
        <Dependent type="80" schemaName="ljr_BasicApp" displayName="Basic App" />
      </MissingDependency>
      <MissingDependency>
        <Required type="SettingDefinition" displayName="AppChannel" solution="msdyn_AppFrameworkInfraExtensions (1.0.0.15)" id.uniquename="AppChannel">
          <package appName="PowerAppsAppFramework Package" version="1.0.0.23">PowerAppsAppFramework_Anchor (1.0.0.23)</package>
        </Required>
        <Dependent type="AppSetting" displayName="parentappmoduleid.uniquename=ljr_BasicApp,settingdefinitionid.uniquename=AppChannel" id.parentappmoduleid.uniquename="ljr_BasicApp" id.settingdefinitionid.uniquename="AppChannel" />
      </MissingDependency>
      <MissingDependency>
        <Required type="SettingDefinition" displayName="msdyn_TimelineModernization" solution="msdyn_TimelineExtended (1.25121.6.6110)" id.uniquename="msdyn_TimelineModernization">
          <package appName="msdyn_CustomControlsExtended" version="1.25121.6.6110">msdyn_TimelineExtended (1.25121.6.6110)</package>
        </Required>
        <Dependent type="AppSetting" displayName="parentappmoduleid.uniquename=ljr_BasicApp,settingdefinitionid.uniquename=msdyn_TimelineModernization" id.parentappmoduleid.uniquename="ljr_BasicApp" id.settingdefinitionid.uniquename="msdyn_TimelineModernization" />
      </MissingDependency>
    </MissingDependencies>
  </SolutionManifest>
</ImportExportXml>