<aiskillconfig uniquename="ais_FormFillFieldOptOut_ljr_noticealert_ljr_details">
  <aiskill>FormFillFieldOptOut</aiskill>
  <attribute>
    <entityid.logicalname>ljr_noticealert</entityid.logicalname>
    <logicalname>ljr_details</logicalname>
  </attribute>
  <description>ljr_noticealert - Details Form fill opt out</description>
  <entity>
    <logicalname>ljr_noticealert</logicalname>
  </entity>
  <iscustomizable>1</iscustomizable>
  <scope>1</scope>
  <statecode>0</statecode>
  <statuscode>1</statuscode>
</aiskillconfig>